Workbook

Sheet 波次一（常温北京）
A1: 原线路号 | B1: 店铺代码 | C1: 店名 | D1: 预计到店时间 | E1: 冷藏时间
A2: 101 | B2: 394512 | C2: 超市发罗森北清路二店 | D2: 0.875 | E2: =_xlfn.XLOOKUP(B2,'波次二（低温北京）'!B:B,'波次二（低温北京）'!D:D) -> 0.0625
B3: 394234 | C3: 超市发罗森北清路店 | D3: 0.88888889 | E3: =_xlfn.XLOOKUP(B3,'波次二（低温北京）'!B:B,'波次二（低温北京）'!D:D) -> 0.076388889
B4: 394560 | C4: 超市发罗森北安河二店 | D4: 0.90972222 | E4: =_xlfn.XLOOKUP(B4,'波次二（低温北京）'!B:B,'波次二（低温北京）'!D:D) -> 0.097222222
B5: 394258 | C5: 超市发罗森北安河店 | D5: 0.93055556 | E5: =_xlfn.XLOOKUP(B5,'波次二（低温北京）'!B:B,'波次二（低温北京）'!D:D) -> 0.11805556
B6: 394070 | C6: 木荷路华为园区 | D6: 0.95833333 | E6: =_xlfn.XLOOKUP(B6,'波次二（低温北京）'!B:B,'波次二（低温北京）'!D:D) -> 0.14583333
B7: 394488 | C7: 超市发罗森太舟坞店 | D7: 0.97916667 | E7: =_xlfn.XLOOKUP(B7,'波次二（低温北京）'!B:B,'波次二（低温北京）'!D:D) -> 0.16666667
A8: 102 | B8: 398170 | C8: 昌平未来科学城未来中心店 | D8: 0.85416667 | E8: =_xlfn.XLOOKUP(B8,'波次二（低温北京）'!B:B,'波次二（低温北京）'!D:D) -> 0.083333333
B9: 398090 | C9: 超市发天通苑西区 | D9: 0.875 | E9: =_xlfn.XLOOKUP(B9,'波次二（低温北京）'!B:B,'波次二（低温北京）'!D:D) -> 0.10416667
B10: 392719 | C10: 金隅智造工场店新店 | D10: 0.89583333 | E10: =_xlfn.XLOOKUP(B10,'波次二（低温北京）'!B:B,'波次二（低温北京）'!D:D) -> 0.125
B11: 394510 | C11: 东升科技园店 | D11: 0.91666667 | E11: =_xlfn.XLOOKUP(B11,'波次二（低温北京）'!B:B,'波次二（低温北京）'!D:D) -> 0.14583333
B12: 394485 | C12: 永泰生活服务中心店 | D12: 0.9375 | E12: =_xlfn.XLOOKUP(B12,'波次二（低温北京）'!B:B,'波次二（低温北京）'!D:D) -> 0.16666667
A13: 103 | B13: 394096 | C13: 超市发农大 | D13: 0.875 | E13: =_xlfn.XLOOKUP(B13,'波次二（低温北京）'!B:B,'波次二（低温北京）'!D:D) -> 0.20138889
B14: 394038 | C14: 联想新园区 | D14: 0.90277778 | E14: =_xlfn.XLOOKUP(B14,'波次二（低温北京）'!B:B,'波次二（低温北京）'!D:D) -> 0.0625
B15: 394150 | C15: 网易研发中心 | D15: 0.91666667 | E15: =_xlfn.XLOOKUP(B15,'波次二（低温北京）'!B:B,'波次二（低温北京）'!D:D) -> 0.125
B16: 394110 | C16: 新浪总部大厦 | D16: 0.94791667 | E16: =_xlfn.XLOOKUP(B16,'波次二（低温北京）'!B:B,'波次二（低温北京）'!D:D) -> 0.15277778
B17: 392718 | C17: 腾讯北京总部店 | D17: 0.97916667 | E17: =_xlfn.XLOOKUP(B17,'波次二（低温北京）'!B:B,'波次二（低温北京）'!D:D) -> 0.18055556
A18: 107 | B18: 394620 | C18: 北京快手元中心店 | D18: 0.875 | E18: =_xlfn.XLOOKUP(B18,'波次二（低温北京）'!B:B,'波次二（低温北京）'!D:D) -> 0.0625
B19: 394069 | C19: 互联网创新中心 | D19: 0.90277778 | E19: =_xlfn.XLOOKUP(B19,'波次二（低温北京）'!B:B,'波次二（低温北京）'!D:D) -> 0.09375
B20: 394437 | C20: 超市发罗森清河店 | D20: 0.92361111 | E20: =_xlfn.XLOOKUP(B20,'波次二（低温北京）'!B:B,'波次二（低温北京）'!D:D) -> 0.125
B21: 394089 | C21: 超市发上地 | D21: 0.94791667 | E21: =_xlfn.XLOOKUP(B21,'波次二（低温北京）'!B:B,'波次二（低温北京）'!D:D) -> 0.13888889
B22: 393016 | C22: 奥林匹克公园 | D22: 0.97916667 | E22: =_xlfn.XLOOKUP(B22,'波次二（低温北京）'!B:B,'波次二（低温北京）'!D:D) -> 0.16666667
A23: 108 | B23: 394048 | C23: 海淀杏石口路 | D23: 0.875 | E23: =_xlfn.XLOOKUP(B23,'波次二（低温北京）'!B:B,'波次二（低温北京）'!D:D) -> 0.1875
B24: 394630 | C24: 超市发罗森四季青路店 | D24: 0.89583333 | E24: =_xlfn.XLOOKUP(B24,'波次二（低温北京）'!B:B,'波次二（低温北京）'!D:D) -> 0.16666667
B25: 394104 | C25: 超市发玉泉路 | D25: 0.91666667 | E25: =_xlfn.XLOOKUP(B25,'波次二（低温北京）'!B:B,'波次二（低温北京）'!D:D) -> 0.15277778
B26: 399569 | C26: 西长安中骏世界城店 | D26: 0.94791667 | E26: =_xlfn.XLOOKUP(B26,'波次二（低温北京）'!B:B,'波次二（低温北京）'!D:D) -> 0.11805556
B27: 399548 | C27: 北京中海大厦店 | D27: 0.96875 | E27: =_xlfn.XLOOKUP(B27,'波次二（低温北京）'!B:B,'波次二（低温北京）'!D:D) -> 0.13194444
B28: 391715 | C28: 石景山金隅科技大厦店 | D28: 0.98611111 | E28: =_xlfn.XLOOKUP(B28,'波次二（低温北京）'!B:B,'波次二（低温北京）'!D:D) -> 0.097222222
B29: 399670 | C29: 北京门头沟长安天街店 | D29: 0.010416667 | E29: =_xlfn.XLOOKUP(B29,'波次二（低温北京）'!B:B,'波次二（低温北京）'!D:D) -> 0.076388889
A30: 109 | B30: 393067 | C30: 望京北望金辉大厦 | D30: 0.84722222 | E30: =_xlfn.XLOOKUP(B30,'波次二（低温北京）'!B:B,'波次二（低温北京）'!D:D) -> 0.0625
B31: 393303 | C31: 利星行中心二店 | D31: 0.875 | E31: =_xlfn.XLOOKUP(B31,'波次二（低温北京）'!B:B,'波次二（低温北京）'!D:D) -> 0.097222222
B32: 393206 | C32: 东亚望京中心店 | D32: 0.90277778 | E32: =_xlfn.XLOOKUP(B32,'波次二（低温北京）'!B:B,'波次二（低温北京）'!D:D) -> 0.11111111
B33: 393557 | C33: 北京鸿懋商务大厦店 | D33: 0.92361111 | E33: =_xlfn.XLOOKUP(B33,'波次二（低温北京）'!B:B,'波次二（低温北京）'!D:D) -> 0.13194444
B34: 394112 | C34: 超市发海淀大街 | D34: 0.95138889 | E34: =_xlfn.XLOOKUP(B34,'波次二（低温北京）'!B:B,'波次二（低温北京）'!D:D) -> 0.16666667
B35: 394062 | C35: 火器营地铁站 | D35: 0.96527778 | E35: =_xlfn.XLOOKUP(B35,'波次二（低温北京）'!B:B,'波次二（低温北京）'!D:D) -> 0.18055556
A36: 110 | B36: 392678 | C36: 北京地铁雍和宫站店 | D36: 0.875 | E36: =_xlfn.XLOOKUP(B36,'波次二（低温北京）'!B:B,'波次二（低温北京）'!D:D) -> 0.22916667
B37: 391001 | C37: 月坛北街 | D37: 0.89583333 | E37: =_xlfn.XLOOKUP(B37,'波次二（低温北京）'!B:B,'波次二（低温北京）'!D:D) -> 0.1875
B38: 394085 | C38: 超市发甘家口 | D38: 0.91666667 | E38: =_xlfn.XLOOKUP(B38,'波次二（低温北京）'!B:B,'波次二（低温北京）'!D:D) -> 0.16666667
B39: 394073 | C39: 超市发花园路 | D39: 0.9375 | E39: =_xlfn.XLOOKUP(B39,'波次二（低温北京）'!B:B,'波次二（低温北京）'!D:D) -> 0.14583333
B40: 394118 | C40: 超市发学院路超罗 | D40: 0.95833333 | E40: =_xlfn.XLOOKUP(B40,'波次二（低温北京）'!B:B,'波次二（低温北京）'!D:D) -> 0.125
B41: 392712 | C41: 北京恒毅大厦店 | D41: 0.97916667 | E41: =_xlfn.XLOOKUP(B41,'波次二（低温北京）'!B:B,'波次二（低温北京）'!D:D) -> 0.083333333
B42: 392525 | C42: 北京环球贸易中心店 | D42: 0 | E42: =_xlfn.XLOOKUP(B42,'波次二（低温北京）'!B:B,'波次二（低温北京）'!D:D) -> 0.0625
A43: 111 | B43: 391012 | C43: 金融街 | D43: 0.875 | E43: =_xlfn.XLOOKUP(B43,'波次二（低温北京）'!B:B,'波次二（低温北京）'!D:D) -> 0.076388889
B44: 391028 | C44: 金融街中心 | D44: 0.89583333 | E44: =_xlfn.XLOOKUP(B44,'波次二（低温北京）'!B:B,'波次二（低温北京）'!D:D) -> 0.09375
B45: 398718 | C45: 北京北站店 | D45: 0.91666667 | E45: =_xlfn.XLOOKUP(B45,'波次二（低温北京）'!B:B,'波次二（低温北京）'!D:D) -> 0.16666667
B46: 391074 | C46: 德胜国际中心 | D46: 0.95833333 | E46: =_xlfn.XLOOKUP(B46,'波次二（低温北京）'!B:B,'波次二（低温北京）'!D:D) -> 0.11111111
B47: 394075 | C47: 超市发羊坊店 | D47: 0.97916667 | E47: =_xlfn.XLOOKUP(B47,'波次二（低温北京）'!B:B,'波次二（低温北京）'!D:D) -> 0.125
B48: 394105 | C48: 超市发西长安街 | D48: 0 | E48: =_xlfn.XLOOKUP(B48,'波次二（低温北京）'!B:B,'波次二（低温北京）'!D:D) -> 0.14583333
A49: 112 | B49: 394024 | C49: 融科资讯中心 | D49: 0.875 | E49: =_xlfn.XLOOKUP(B49,'波次二（低温北京）'!B:B,'波次二（低温北京）'!D:D) -> 0.0625
B50: 394103 | C50: 超市发科南路 | D50: 0.89583333 | E50: =_xlfn.XLOOKUP(B50,'波次二（低温北京）'!B:B,'波次二（低温北京）'!D:D) -> 0.083333333
B51: 394142 | C51: 超市发双榆树超罗 | D51: 0.91666667 | E51: =_xlfn.XLOOKUP(B51,'波次二（低温北京）'!B:B,'波次二（低温北京）'!D:D) -> 0.097222222
B52: 394072 | C52: 超市发万柳 | D52: 0.93055556 | E52: =_xlfn.XLOOKUP(B52,'波次二（低温北京）'!B:B,'波次二（低温北京）'!D:D) -> 0.11805556
B53: 394451 | C53: 清华科技园店 | D53: 0.94444444 | E53: =_xlfn.XLOOKUP(B53,'波次二（低温北京）'!B:B,'波次二（低温北京）'!D:D) -> 0.15277778
B54: 393707 | C54: 北京科技财富中心店 | D54: 0.96527778 | E54: =_xlfn.XLOOKUP(B54,'波次二（低温北京）'!B:B,'波次二（低温北京）'!D:D) -> 0.17361111
A55: 113 | B55: 393651 | C55: 北京平安国际金融中心店 | D55: 0.86111111 | E55: =_xlfn.XLOOKUP(B55,'波次二（低温北京）'!B:B,'波次二（低温北京）'!D:D) -> 0.083333333
B56: 393010 | C56: 双井首城国际 | D56: 0.89583333 | E56: =_xlfn.XLOOKUP(B56,'波次二（低温北京）'!B:B,'波次二（低温北京）'!D:D) -> 0.10416667
B57: 393034 | C57: 劲松海文大厦 | D57: 0.90972222 | E57: =_xlfn.XLOOKUP(B57,'波次二（低温北京）'!B:B,'波次二（低温北京）'!D:D) -> 0.11805556
B58: 395274 | C58: 蒲黄榆地铁站店 | D58: 0.93055556 | E58: =_xlfn.XLOOKUP(B58,'波次二（低温北京）'!B:B,'波次二（低温北京）'!D:D) -> 0.13888889
B59: 391030 | C59: 庄胜崇光 | D59: 0.95138889 | E59: =_xlfn.XLOOKUP(B59,'波次二（低温北京）'!B:B,'波次二（低温北京）'!D:D) -> 0.1875
B60: 392144 | C60: 前门大街 | D60: 0.97222222 | E60: =_xlfn.XLOOKUP(B60,'波次二（低温北京）'!B:B,'波次二（低温北京）'!D:D) -> 0.15972222
B61: 392394 | C61: 北京地铁崇文门站店 | D61: 0.99305556 | E61: =_xlfn.XLOOKUP(B61,'波次二（低温北京）'!B:B,'波次二（低温北京）'!D:D) -> 0.20833333
B62: 391094 | C62: 紫金印象 | D62: 0.020833333 | E62: =_xlfn.XLOOKUP(B62,'波次二（低温北京）'!B:B,'波次二（低温北京）'!D:D) -> 0.17361111
A63: 114 | B63: 393082 | C63: 兆泰国际中心 | D63: 0.88194444 | E63: =_xlfn.XLOOKUP(B63,'波次二（低温北京）'!B:B,'波次二（低温北京）'!D:D) -> 0.076388889
B64: 392029 | C64: 富华大厦 | D64: 0.90277778 | E64: =_xlfn.XLOOKUP(B64,'波次二（低温北京）'!B:B,'波次二（低温北京）'!D:D) -> 0.097222222
B65: 393032 | C65: 长富宫 | D65: 0.92361111 | E65: =_xlfn.XLOOKUP(B65,'波次二（低温北京）'!B:B,'波次二（低温北京）'!D:D) -> 0.11458333
B66: 393688 | C66: 北京广播大厦酒店店 | D66: 0.94444444 | E66: =_xlfn.XLOOKUP(B66,'波次二（低温北京）'!B:B,'波次二（低温北京）'!D:D) -> 0.13541667
B67: 392179 | C67: 东四北大街店 | D67: 0.96527778 | E67: =_xlfn.XLOOKUP(B67,'波次二（低温北京）'!B:B,'波次二（低温北京）'!D:D) -> 0.15972222
B68: 392084 | C68: 南锣鼓巷地铁站 | D68: 0.98611111 | E68: =_xlfn.XLOOKUP(B68,'波次二（低温北京）'!B:B,'波次二（低温北京）'!D:D) -> 0.18055556
A69: 115 | B69: 393244 | C69: 利星行中心店 | D69: 0.85416667 | E69: =_xlfn.XLOOKUP(B69,'波次二（低温北京）'!B:B,'波次二（低温北京）'!D:D) -> 0.041666667
B70: 393675 | C70: 北京阿里巴巴总部店 | D70: 0.875 | E70: =_xlfn.XLOOKUP(B70,'波次二（低温北京）'!B:B,'波次二（低温北京）'!D:D) -> 0.065972222
B71: 393546 | C71: 北京浦项中心店 | D71: 0.90972222 | E71: =_xlfn.XLOOKUP(B71,'波次二（低温北京）'!B:B,'波次二（低温北京）'!D:D) -> 0.090277778
B72: 393009 | C72: 民生大厦 | D72: 0.9375 | E72: =_xlfn.XLOOKUP(B72,'波次二（低温北京）'!B:B,'波次二（低温北京）'!D:D) -> 0.12152778
B73: 393380 | C73: 光明大厦店 | D73: 0.95138889 | E73: =_xlfn.XLOOKUP(B73,'波次二（低温北京）'!B:B,'波次二（低温北京）'!D:D) -> 0.18055556
B74: 393188 | C74: 发展大厦店 | D74: 0.97222222 | E74: =_xlfn.XLOOKUP(B74,'波次二（低温北京）'!B:B,'波次二（低温北京）'!D:D) -> 0.1875
B75: 394406 | C75: 北京地铁平安里站店 | D75: 0.98611111 | E75: =_xlfn.XLOOKUP(B75,'波次二（低温北京）'!B:B,'波次二（低温北京）'!D:D) -> 0.20833333
A76: 117 | B76: 393220 | C76: 梵石中心店 | D76: 0.875 | E76: =_xlfn.XLOOKUP(B76,'波次二（低温北京）'!B:B,'波次二（低温北京）'!D:D) -> 0.16666667
B77: 393117 | C77: 十里堡地铁站 | D77: 0.88888889 | E77: =_xlfn.XLOOKUP(B77,'波次二（低温北京）'!B:B,'波次二（低温北京）'!D:D) -> 0.18055556
B78: 392723 | C78: 北京四惠金地名京店 | D78: 0.90972222 | E78: =_xlfn.XLOOKUP(B78,'波次二（低温北京）'!B:B,'波次二（低温北京）'!D:D) -> 0.15277778
B79: 393035 | C79: 管庄新天地 | D79: 0.93055556 | E79: =_xlfn.XLOOKUP(B79,'波次二（低温北京）'!B:B,'波次二（低温北京）'!D:D) -> 0.125
B80: 392722 | C80: 北京长楹天街店 | D80: 0.95138889 | E80: =_xlfn.XLOOKUP(B80,'波次二（低温北京）'!B:B,'波次二（低温北京）'!D:D) -> 0.20833333
B81: 397682 | C81: 北京通州新光大 | D81: 0.98263889 | E81: =_xlfn.XLOOKUP(B81,'波次二（低温北京）'!B:B,'波次二（低温北京）'!D:D) -> 0.10416667
B82: 391712 | C82: 北京金融科技学院店 | D82: 0 | E82: =_xlfn.XLOOKUP(B82,'波次二（低温北京）'!B:B,'波次二（低温北京）'!D:D) -> 0.083333333
B83: 393715 | C83: 首都国际机场T3四层出发层外西 | E83: =_xlfn.XLOOKUP(B83,'波次二（低温北京）'!B:B,'波次二（低温北京）'!D:D) -> #N/A

Sheet 波次二（低温北京）
A1: 原线路号 | B1: 店铺代码 | C1: 店名 | D1: 预计到店时间
A2: 201 | B2: 394512 | C2: 超市发罗森北清路二店 | D2: 0.0625
B3: 394234 | C3: 超市发罗森北清路店 | D3: 0.076388889
B4: 394560 | C4: 超市发罗森北安河二店 | D4: 0.097222222
B5: 394258 | C5: 超市发罗森北安河店 | D5: 0.11805556
B6: 394070 | C6: 木荷路华为园区 | D6: 0.14583333
B7: 394488 | C7: 超市发罗森太舟坞店 | D7: 0.16666667
B8: 394526 | C8: 华为北研所K区店 | D8: 0.1875
B9: 393426 | C9: 北京地铁望京西站店 | D9: 0.22916667
A10: 202 | B10: 399722 | C10: 北京祥云小镇店 | D10: 0.0625
B11: 398170 | C11: 昌平未来科学城未来中心店 | D11: 0.083333333
B12: 398090 | C12: 超市发天通苑西区 | D12: 0.10416667
B13: 392719 | C13: 金隅智造工场店新店 | D13: 0.125
B14: 394510 | C14: 东升科技园店 | D14: 0.14583333
B15: 394485 | C15: 永泰生活服务中心店 | D15: 0.16666667
B16: 393720 | C16: 昌平新新公寓店 | D16: 0.20833333
B17: 398439 | C17: 北京地铁昌平站店 | D17: 0.22916667
A18: 203 | B18: 394038 | C18: 联想新园区 | D18: 0.0625
B19: 394069 | C19: 互联网创新中心 | D19: 0.09375
B20: 394150 | C20: 网易研发中心 | D20: 0.125
B21: 394110 | C21: 新浪总部大厦 | D21: 0.15277778
B22: 392718 | C22: 腾讯北京总部店 | D22: 0.18055556
B23: 394096 | C23: 超市发农大 | D23: 0.20138889
B24: 394489 | C24: 超市发罗森六里屯店 | D24: 0.21875
B25: 398689 | C25: 回龙观体育公园店 | D25: 0.22916667
B26: 393425 | C26: 北京地铁西土城店 | D26: 0.25
A27: 205 | B27: 396276 | C27: 京东总部1号店 | D27: 0.0625
B28: 393709 | C28: 京东总部2号院店 | D28: 0.083333333
B29: 395606 | C29: 福海公寓 | D29: 0.13888889
B30: 395470 | C30: 丰科中心店 | D30: 0.15277778
B31: 395017 | C31: 汉威国际广场 | D31: 0.16666667
B32: 393033 | C32: 四方桥东北侧店 | D32: 0.1875
B33: 392715 | C33: 北京地铁欢乐谷站店 | D33: 0.20833333
A34: 207 | B34: 394620 | C34: 北京快手元中心店 | D34: 0.0625
B35: 394123 | C35: 联想北研园楼大厦 | D35: 0.090277778
B36: 394122 | C36: 联想三标大厦 | D36: 0.10416667
B37: 394437 | C37: 超市发罗森清河店 | D37: 0.125
B38: 394089 | C38: 超市发上地 | D38: 0.13888889
B39: 393016 | C39: 奥林匹克公园 | D39: 0.16666667
B40: 394405 | C40: 北京地铁育新站店 | D40: 0.20138889
B41: 393168 | C41: 奥林匹克森林公园（北园）店 | D41: 0.25
B42: 393167 | C42: 奥林匹克森林公园（南园）店 | D42: 0.25
A43: 208 | B43: 399670 | C43: 北京门头沟长安天街店 | D43: 0.076388889
B44: 391715 | C44: 石景山金隅科技大厦店 | D44: 0.097222222
B45: 399569 | C45: 西长安中骏世界城店 | D45: 0.11805556
B46: 399548 | C46: 北京中海大厦店 | D46: 0.13194444
B47: 394104 | C47: 超市发玉泉路 | D47: 0.15277778
B48: 394630 | C48: 超市发罗森四季青路店 | D48: 0.16666667
B49: 394048 | C49: 海淀杏石口路 | D49: 0.1875
B50: 394419 | C50: 北京地铁车道沟站店 | D50: 0.22916667
A51: 209 | B51: 393067 | C51: 望京北望金辉大厦 | D51: 0.0625
B52: 393303 | C52: 利星行中心二店 | D52: 0.097222222
B53: 393206 | C53: 东亚望京中心店 | D53: 0.11111111
B54: 393557 | C54: 北京鸿懋商务大厦店 | D54: 0.13194444
B55: 394112 | C55: 超市发海淀大街 | D55: 0.16666667
B56: 394062 | C56: 火器营地铁站 | D56: 0.18055556
B57: 394196 | C57: 超市发岭南路店 | D57: 0.20138889
B58: 392315 | C58: 地铁和平里北街站店 | D58: 0.22916667
A59: 210 | B59: 392525 | C59: 北京环球贸易中心店 | D59: 0.0625
B60: 392712 | C60: 北京恒毅大厦店 | D60: 0.083333333
B61: 391709 | C61: 北京大钟寺广场店 | D61: 0.10416667
B62: 394118 | C62: 超市发学院路超罗 | D62: 0.125
B63: 394073 | C63: 超市发花园路 | D63: 0.14583333
B64: 394085 | C64: 超市发甘家口 | D64: 0.16666667
B65: 391001 | C65: 月坛北街 | D65: 0.1875
B66: 392678 | C66: 北京地铁雍和宫站店 | D66: 0.22916667
A67: 211 | B67: 391012 | C67: 金融街 | D67: 0.076388889
B68: 391028 | C68: 金融街中心 | D68: 0.09375
B69: 391074 | C69: 德胜国际中心 | D69: 0.11111111
B70: 394075 | C70: 超市发羊坊店 | D70: 0.125
B71: 394105 | C71: 超市发西长安街 | D71: 0.14583333
B72: 398718 | C72: 北京北站店 | D72: 0.16666667
B73: 391409 | C73: 北京地铁鼓楼大街站店 | D73: 0.22916667
A74: 212 | B74: 393711 | C74: 微软中国研发集团总部店 | D74: 0.041666667
B75: 394024 | C75: 融科资讯中心 | D75: 0.0625
B76: 394103 | C76: 超市发科南路 | D76: 0.083333333
B77: 394142 | C77: 超市发双榆树超罗 | D77: 0.097222222
B78: 394072 | C78: 超市发万柳 | D78: 0.11805556
B79: 391722 | C79: 鼎好电子大厦 | D79: 0.13194444
B80: 394451 | C80: 清华科技园店 | D80: 0.15277778
B81: 393707 | C81: 北京科技财富中心店 | D81: 0.17361111
B82: 393416 | C82: 北京地铁六道口店 | D82: 0.20138889
A83: 213 | B83: 393651 | C83: 北京平安国际金融中心店 | D83: 0.083333333
B84: 393010 | C84: 双井首城国际 | D84: 0.10416667
B85: 393034 | C85: 劲松海文大厦 | D85: 0.11805556
B86: 395274 | C86: 蒲黄榆地铁站店 | D86: 0.13888889
B87: 392144 | C87: 前门大街 | D87: 0.15972222
B88: 391094 | C88: 紫金印象 | D88: 0.17361111
B89: 391030 | C89: 庄胜崇光 | D89: 0.1875
B90: 392394 | C90: 北京地铁崇文门站店 | D90: 0.20833333
A91: 214 | B91: 392647 | C91: 北京泓晟国际中心 | D91: 0.055555556
B92: 393082 | C92: 兆泰国际中心 | D92: 0.076388889
B93: 392029 | C93: 富华大厦 | D93: 0.097222222
B94: 393032 | C94: 长富宫 | D94: 0.11458333
B95: 393688 | C95: 北京广播大厦酒店店 | D95: 0.13541667
B96: 392179 | C96: 东四北大街店 | D96: 0.15972222
B97: 392084 | C97: 南锣鼓巷地铁站 | D97: 0.18055556
B98: 392395 | C98: 北京地铁东四站店 | D98: 0.20833333
A99: 215 | B99: 393244 | C99: 利星行中心店 | D99: 0.041666667
B100: 393675 | C100: 北京阿里巴巴总部店 | D100: 0.065972222
...

Sheet 波次三
A1: 原线路号 | B1: 店铺代码 | C1: 店名 | D1: 预计到店时间
A2: 125 | B2: 393046 | C2: 小天竺路 | D2: 0.00069444444
B3: 394705 | C3: 平谷步行街店 | D3: 0.041666667
B4: 409392 | C4: 天津市蓟州区天一绿海店 | D4: 0.083333333
B5: 467708 | C5: 三河文化艺术大街店 | D5: 0.125
A6: 126 | B6: 396449 | C6: 大兴国际氢能示范区店 | D6: 0.97916667
B7: 396495 | C7: 大兴南航总部基地店 | D7: 0.00069444444
B8: 396255 | C8: 东方航空公司总部店 | D8: 0.013888889
B9: 396141 | C9: 大兴星牌共享际 | D9: 0.034722222
B10: 396388 | C10: 北京鸿坤广场店 | D10: 0.055555556
A11: 127 | B11: 391721 | C11: 北京丽泽平安金融中心店 | D11: 0.00069444444
B12: 395302 | C12: 丽泽平安幸福中心店 | D12: 0.020833333
B13: 395092 | C13: 泥洼地铁站 | D13: 0.048611111
B14: 396058 | C14: 房山绿城百合 | D14: 0.090277778
B15: 396054 | C15: 良乡拱辰南大街 | D15: 0.13194444
B16: 396081 | C16: 房山燕化医院 | D16: 0.15277778
B17: 396053 | C17: 房山南大街 | D17: 0.1875
A18: 128 | B18: 466506 | C18: 廊坊燕郊诺亚大厦店 | D18: 0.00069444444
B19: 466697 | C19: 廊坊燕郊33号街区店 | D19: 0.020833333
B20: 466455 | C20: 廊坊燕郊尚京广场店 | D20: 0.041666667
B21: 461717 | C21: 廊坊燕郊夏威夷蓝湾店 | D21: 0.069444444
B22: 466370 | C22: 廊坊香河新开街店 | D22: 0.10416667
B23: 466435 | C23: 廊坊香河新华街店 | D23: 0.14583333
B24: 466653 | C24: 廊坊燕郊燕京理工学院店 | D24: 0.16666667
A25: 129 | B25: 397398 | C25: 北京地铁物资学院路站店 | D25: 0.1875
B26: 393399 | C26: 北京地铁草房站店 | D26: 0.22222222
B27: 393710 | C27: 北京地铁潘家园站店 | D27: 0.24305556
B28: 392716 | C28: 北京地铁角门西站店 | D28: 0.25
A29: 130 | B29: 395411 | C29: 北京地铁六里桥站店 | D29: 0.1875
B30: 395413 | C30: 北京地铁丰台科技园区站店 | D30: 0.20833333
B31: 395412 | C31: 北京地铁郭公庄站店 | D31: 0.22916667
B32: 392717 | C32: 北京地铁丰台站店 | D32: 0.23958333
A33: 132 | B33: 392710 | C33: 北京地铁3号线团结湖站店 | D33: 0.20833333
B34: 392408 | C34: 北京地铁安德里北街站店 | D34: 0.22916667
B35: 392713 | C35: 北京地铁什刹海站店 | D35: 0.23958333
A36: 133 | B36: 391718 | C36: 北京地铁12号线驼房营站店 | D36: 0.20138889
B37: 392708 | C37: 北京地铁3号线东坝站店 | D37: 0.22916667
B38: 392707 | C38: 北京地铁3号线朝阳站店 | D38: 0.25
A39: 150 | B39: 478610 | C39: 张家口职业技术学院店 | D39: 0
B40: 478648 | C40: 张家口乐享城店 | D40: 0.020833333
B41: 478480 | C41: 张家口容辰庄园店 | D41: 0.041666667
B42: 478481 | C42: 张家口明德南路店 | D42: 0.0625
B43: 478581 | C43: 张家口古宏大街店 | D43: 0.076388889
B44: 478582 | C44: 张家口北方学院西校区店 | D44: 0.10416667
B45: 471708 | C45: 张家口崇礼汤印店-富龙子 | D45: 0.14583333
A46: 151 | B46: 392721 | C46: 延庆环球新意百货店 | D46: 0.95138889
B47: 478573 | C47: 张家口宣化皇城店 | D47: 0.98611111
B48: 478567 | C48: 张家口宣化兴泰店 | D48: 0.00069444444
B49: 478571 | C49: 张家口宣化鼓楼店 | D49: 0.041666667
B50: 478566 | C50: 张家口宣化八中店 | D50: 0.052083333
B51: 478572 | C51: 张家口宣化光大店 | D51: 0.0625
B52: 478583 | C52: 张家口怀来新城佳苑店 | D52: 0.072916667
B53: 478584 | C53: 张家口怀来新东方店 | D53: 0.083333333
A54: 156 | B54: 391705 | C54: 北京怀柔城市客厅店 | D54: 0.92361111
B55: 398558 | C55: 北京怀柔雁栖人才社区店 | D55: 0.95833333
B56: 393708 | C56: 北京怀柔商业街店 | D56: 0.97916667
B57: 469660 | C57: 承德银星丽苑店 | D57: 0.10416667
B58: 469476 | C58: 承德市小佟沟路店 | D58: 0.13194444
B59: 469475 | C59: 承德市二仙居大街店 | D59: 0.14583333
B60: 462710 | C60: 承德市德汇大厦店 | D60: 0.15972222
B61: 469559 | C61: 承德市锦绣大街店 | D61: 0.17361111
A62: 157 | B62: 469588 | C62: 承德铂悦山店 | D62: 0.97916667
B63: 462717 | C63: 承德宽广时代广场店 | D63: 0.00069444444
B64: 469585 | C64: 承德御龙瀚府店 | D64: 0.00069444444
B65: 469517 | C65: 承德市福地华园店 | D65: 0.0625
B66: 469691 | C66: 承德市嘉和广场店 | D66: 0.083333333
B67: 399519 | C67: 古北水镇一号店 | D67: 0.10416667
B68: 399520 | C68: 古北水镇二号店 | D68: 0.125
B69: 469659 | C69: 承德兴盛丽水店 | D69: 0.14583333
B70: 393706 | C70: 古北水镇三号店 | D70: 0.16666667
A71: 555 | B71: 395708 | C71: 北京站6号候车室店 | D71: 0.95833333
B72: 398708 | C72: 北京站4号候车室店 | D72: 0.95833333
B73: 394720 | C73: 北京站广场东侧店 | D73: 0.95833333
A74: 666 | B74: 392720 | C74: 朝阳高铁站店 | D74: 0.95833333
A75: 777 | B75: 393718 | C75: 北京南站出发层1店 | D75: 0.95833333
B76: 396706 | C76: 北京南站出发层2店 | D76: 0.95833333
B77: 393717 | C77: 北京南站地铁层1店 | D77: 0.95833333

Sheet 波次四
A1: 原线路号 | B1: 店铺代码 | C1: 店名 | D1: 预计到店时间
A2: 240 | B2: 393151 | C2: 首都机场T3二层到达区外 | D2: 0.75
B3: 393152 | C3: 首都机场T3三层出发区东指廊 | D3: 0.75
B4: 393153 | C4: 首都机场T3三层出发区西指廊 | D4: 0.75
B5: 393155 | C5: 首都机场T3四层出发区外东 | D5: 0.75
B6: 393156 | C6: 首都机场T3D出发区 | D6: 0.75
B7: 393715 | C7: 首都国际机场T3四层出发层外西 | D7: 0.75
B8: 395710 | C8: 北京首都机场T3三层出发区北指廊店 | D8: 0.75
